{
  "lang":"ro",
  "name":"pipeline",
  "version":"0.0.0",
  "spacy_version":">=3.0.6,<3.1.0",
  "description":"",
  "author":"",
  "email":"",
  "url":"",
  "license":"",
  "spacy_git_version":"df3444421",
  "vectors":{
    "width":0,
    "vectors":0,
    "keys":0,
    "name":null
  },
  "labels":{
    "tok2vec":[

    ],
    "ner":[
      "LAW",
      "LOC",
      "ORG",
      "PER",
      "TIME"
    ]
  },
  "pipeline":[
    "tok2vec",
    "ner"
  ],
  "components":[
    "tok2vec",
    "ner"
  ],
  "disabled":[

  ],
  "performance":{
    "ents_per_type":{
      "LAW":{
        "p":0.9727272727,
        "r":0.9907407407,
        "f":0.9816513761
      },
      "LOC":{
        "p":0.9193548387,
        "r":0.8837209302,
        "f":0.9011857708
      },
      "ORG":{
        "p":0.9282700422,
        "r":0.96069869,
        "f":0.9442060086
      },
      "TIME":{
        "p":0.9927007299,
        "r":0.9645390071,
        "f":0.9784172662
      },
      "PER":{
        "p":1.0,
        "r":0.9705882353,
        "f":0.9850746269
      }
    },
    "ents_f":0.956,
    "ents_p":0.9547270306,
    "ents_r":0.9572763685,
    "tok2vec_loss":560.4780198048,
    "ner_loss":838.6707015642
  }
}