{
  "lang":"ro",
  "name":"pipeline",
  "version":"0.0.0",
  "spacy_version":">=3.0.6,<3.1.0",
  "description":"",
  "author":"",
  "email":"",
  "url":"",
  "license":"",
  "spacy_git_version":"df3444421",
  "vectors":{
    "width":0,
    "vectors":0,
    "keys":0,
    "name":null
  },
  "labels":{
    "tok2vec":[

    ],
    "ner":[
      "LAW",
      "LOC",
      "ORG",
      "PER",
      "TIME"
    ]
  },
  "pipeline":[
    "tok2vec",
    "ner"
  ],
  "components":[
    "tok2vec",
    "ner"
  ],
  "disabled":[

  ],
  "performance":{
    "ents_per_type":{
      "LAW":{
        "p":0.9770642202,
        "r":0.9861111111,
        "f":0.9815668203
      },
      "LOC":{
        "p":0.9126984127,
        "r":0.8914728682,
        "f":0.9019607843
      },
      "ORG":{
        "p":0.9246861925,
        "r":0.9650655022,
        "f":0.9444444444
      },
      "TIME":{
        "p":0.9785714286,
        "r":0.9716312057,
        "f":0.975088968
      },
      "PER":{
        "p":1.0,
        "r":0.9705882353,
        "f":0.9850746269
      }
    },
    "ents_f":0.9554817276,
    "ents_p":0.9510582011,
    "ents_r":0.9599465955,
    "tok2vec_loss":451.4514555065,
    "ner_loss":806.6659461522
  }
}